стол,аптеке,ошибку,велосипеде,марку,темноте,каблуках,сок,карандаш,фена,,,,,,,,,,,,,,,,,,,,
стол,аптеке,ошибку,велосипеде,марку,темноте,каблуках,сок,карандаш,фена,,,,,,,,,,,,,,,,,,,,
стол,аптеке,ошибку,велосипеде,марку,темноте,каблуках,сок,карандаш,фена,,,,,,,,,,,,,,,,,,,,
стол,аптеке,ошибку,велосипеде,марку,темноте,каблуках,сок,карандаш,фена,,,,,,,,,,,,,,,,,,,,
стол,аптеке,ошибку,велосипеде,марку,темноте,каблуках,сок,карандаш,фена,,,,,,,,,,,,,,,,,,,,
стол,аптеке,ошибку,велосипеде,марку,темноте,каблуках,сок,карандаш,фена,,,,,,,,,,,,,,,,,,,,
стол,аптеке,ошибку,велосипеде,марку,темноте,каблуках,сок,карандаш,фена,,,,,,,,,,,,,,,,,,,,
раз,два,три,четыре,пять,шесть,семь,восемь,девять,десять,,,,,,,,,,,,,,,,,,,,
раз,два,три,четыре,пять,шесть,семь,восемь,девять,десять,,,,,,,,,,,,,,,,,,,,
оа,,,прорпо,,,апроа,,ао,,,,,,,,,,,,,,,,,,,,,
оа,,,прорпо,,,апроа,,ао,,,,,,,,,,,,,,,,,,,,,
оа,,,прорпо,,,апроа,,ао,,,,,,,,,,,,,,,,,,,,,
оа,,,прорпо,,,апроа,,ао,,,,,,,,,,,,,,,,,,,,,
,плопол,,,,тиольр,,прол,,,,,,,,,,,,,,,,,,,,,,
,sdfg,sdfg,sdfgdf,,,gsfdggsdg,,sdfg,,,,,,,,,,,,,,,,,,,,,
,qw,fgsd,,,qwert,sdfgs,,wert,,,,,,,,,,,,,,,,,,,,,
,qw,fgsd,,,qwert,sdfgs,,wert,,,,,,,,,,,,,,,,,,,,,
,qw,fgsd,,,qwert,sdfgs,,wert,,,,,,,,,,,,,,,,,,,,,
,qw,fgsd,,,qwert,sdfgs,,wert,,,,,,,,,,,,,,,,,,,,,
